"About","Относно"
"Add Status","Добави статус"
"Adds a ""Phone"" column with its own filter to the order grid.","Добавя колона „Телефон“ със собствен филтър в списъка с поръчки."
"Admin Tools","Админ инструменти"
"Admin users also need the ""Bulmeg: Customer Order History"" permission (System > User Roles > Sales > Orders > Actions > View).","Служителите трябва да имат и правото „Bulmeg: История на поръчките на клиента“ (Система > Потребителски роли > Продажби > Поръчки > Действия > Преглед)."
"Assessment","Оценка"
"Blue","Син"
"Bulmeg","Bulmeg"
"Bulmeg: Admin Tools Settings","Bulmeg: Настройки на Админ инструменти"
"Bulmeg: Customer Order History","Bulmeg: История на поръчките на клиента"
"Color","Цвят"
"Colored Order Statuses","Цветни статуси на поръчките"
"Colors","Цветове"
"Colors the ""Status"" column of the order grid so the state of an order is recognized at a glance. Display only: no order data is changed.","Оцветява колоната „Статус“ в списъка с поръчки, за да се разпознава състоянието с един поглед. Само визуално: данните на поръчките не се променят."
"Country Calling Code","Телефонен код на страната"
"Customer","Клиент"
"Customer Account","Акаунт"
"Customer History","История на клиента"
"Customer Order History","История на поръчките на клиента"
"Customer Order History on the Order Page","История на клиента в поръчката"
"Email","Имейл"
"Enable Colored Statuses","Включи цветните статуси"
"Enable Customer History","Включи историята на клиента"
"Enable Phone Search","Включи търсенето по телефон"
"Grand Total","Обща сума"
"Gray","Сив"
"Green","Зелен"
"Ignored Emails and Phones","Игнорирани имейли и телефони"
"Matched by","Съвпадение по"
"Module","Модул"
"New customer","Нов клиент"
"Not counted","Не се брои"
"Number of previous successful orders that makes a customer a regular one.","Брой предишни успешни поръчки, от които клиентът става редовен."
"One per line. Shared or placeholder details (e.g. an email used for phone orders, or the shop's own number) would link unrelated customers; such values are not used for matching.","По един на ред. Общи или служебни данни (напр. имейл за поръчки по телефон или номерът на самия магазин) биха свързали различни клиенти; такива стойности не се използват за разпознаване."
"Orange","Оранжев"
"Order #","Поръчка №"
"Order Status","Статус на поръчката"
"Orders in these statuses are listed but neither successful nor problematic, e.g. ""Pending"" for orders waiting for another delivery day or for a product to arrive. Every other status counts as problematic.","Поръчките в тези статуси се показват, но не са нито успешни, нито проблемни — напр. „В очакване“ за поръчки, които чакат друг ден за доставка или доставка на продукт. Всеки друг статус се брои за проблемен."
"Orders placed from the same customer account.","Поръчки от същия клиентски акаунт."
"Orders placed with the same email address, guest orders included.","Поръчки със същия имейл, включително поръчките като гост."
"Orders to List","Брой показани поръчки"
"Orders with the same billing or shipping phone. The number is compared by its digits, so 0888 123 456 and +359888123456 match.","Поръчки със същия телефон за фактуриране или доставка. Номерът се сравнява по цифрите, така че 0888 123 456 и +359888123456 съвпадат."
"Other orders: %1","Други поръчки: %1"
"Other orders: %1, none of them problematic, but too few successful ones for a regular customer.","Други поръчки: %1 — без проблемни, но още с недостатъчно успешни за редовен клиент."
"Over %1 orders match by ""%2"": probably shared data. Add it to the ignored emails and phones.","Над %1 поръчки съвпадат по „%2“: вероятно е обща стойност. Добавете я към игнорираните имейли и телефони."
"Phone","Телефон"
"Phone Search in the Order Grid","Търсене по телефон в поръчките"
"Previous orders in these statuses make the customer a regular one.","Предишните поръчки в тези статуси правят клиента редовен."
"Previous orders: %1 successful and %2 problematic. Check them before offering a discount.","Предишни поръчки: %1 успешни и %2 проблемни. Проверете ги, преди да предложите отстъпка."
"Previous orders: %1. None of them was completed successfully.","Предишни поръчки: %1. Нито една не е завършила успешно."
"Problematic","Проблемна"
"Problematic: %1","Проблемни: %1"
"Purchase Date","Дата на покупка"
"Purple","Лилав"
"Recognize the Customer by Account","Разпознаване на клиента по акаунт"
"Recognize the Customer by Email","Разпознаване на клиента по имейл"
"Recognize the Customer by Phone","Разпознаване на клиента по телефон"
"Red","Червен"
"Regular customer","Редовен клиент"
"Regular Customer from","Редовен клиент от"
"Removed from international numbers so that +359 888 123 456 and 0888 123 456 are recognized as the same number. Also used for the customer history.","Маха се от международните номера, за да се разпознават +359 888 123 456 и 0888 123 456 като един и същ номер. Използва се и за историята на клиента."
"Replaced by Admin Tools but still enabled: %1. Disable them: bin/magento module:disable %2","Заменени от Админ инструменти, но все още включени: %1. Изключете ги: bin/magento module:disable %2"
"Returning customer","Повторен клиент"
"Returning customer with problem orders","Стар клиент с проблемни поръчки"
"Returning customer, but unreliable","Стар клиент, но ненадежден"
"Sales > Orders. Phone numbers are matched regardless of spaces, dashes, brackets and the country code: 0888 123 456, +359888123456 and 00359 888-123-456 are the same number.","Продажби > Поръчки. Телефоните се сравняват без значение от интервали, тирета, скоби и кода на страната: 0888 123 456, +359888123456 и 00359 888-123-456 са един и същ номер."
"Search Phones from the Keyword Search Box","Търсене на телефон и от главното поле за търсене"
"Settings","Настройки"
"Showing the latest %1 of %2 orders.","Показани са последните %1 от %2 поръчки."
"Status","Статус"
"Statuses Not Counted","Статуси, които не се броят"
"Statuses without a color are shown as usual. Custom statuses can be added too.","Статусите без цвят се показват както обикновено. Могат да се добавят и собствени статуси."
"Store View","Изглед на магазина"
"Successful","Успешна"
"Successful Order Statuses","Статуси на успешна поръчка"
"Successful previous orders: %1. You can thank the customer with a discount.","Предишни успешни поръчки: %1. Можете да благодарите на клиента с отстъпка."
"The most recent orders are listed (1 to 100). All of them are counted in the assessment.","Показват се най-новите поръчки (от 1 до 100). В оценката се броят всички."
"This is the first order of the customer.","Това е първата поръчка на клиента."
"Total of the successful orders: %1","Общо от успешните поръчки: %1"
"When an order is opened, shows whether the customer has ordered before, with a list of the other orders and links to them. A regular customer can be offered a discount; a returning customer whose orders were not completed is flagged as unreliable. Read only: nothing is written to the database.","При отваряне на поръчка показва дали клиентът е поръчвал и преди, със списък на другите му поръчки и връзки към тях. На редовен клиент може да се предложи отстъпка; стар клиент, чиито поръчки не са изпълнени, се отбелязва като ненадежден. Само четене: нищо не се записва в базата."
"When the text typed in the grid's main search box is a phone number (it starts with 0, 00 or +, or is written with spaces or dashes), the grid shows the orders with that phone. Order numbers, names and emails are searched as usual.","Когато въведеното в главното поле за търсене е телефон (започва с 0, 00 или + или е изписано с интервали или тирета), се показват поръчките с този телефон. Номерата на поръчки, имената и имейлите се търсят както обикновено."
"White","Бял"
"Yellow","Жълт"
