"About","About"
"Add Status","Add Status"
"Adds a ""Phone"" column with its own filter to the order grid.","Adds a ""Phone"" column with its own filter to the order grid."
"Admin Tools","Admin Tools"
"Admin users also need the ""Bulmeg: Customer Order History"" permission (System > User Roles > Sales > Orders > Actions > View).","Admin users also need the ""Bulmeg: Customer Order History"" permission (System > User Roles > Sales > Orders > Actions > View)."
"Assessment","Assessment"
"Blue","Blue"
"Bulmeg","Bulmeg"
"Bulmeg: Admin Tools Settings","Bulmeg: Admin Tools Settings"
"Bulmeg: Customer Order History","Bulmeg: Customer Order History"
"Color","Color"
"Colored Order Statuses","Colored Order Statuses"
"Colors","Colors"
"Colors the ""Status"" column of the order grid so the state of an order is recognized at a glance. Display only: no order data is changed.","Colors the ""Status"" column of the order grid so the state of an order is recognized at a glance. Display only: no order data is changed."
"Country Calling Code","Country Calling Code"
"Customer","Customer"
"Customer Account","Customer Account"
"Customer History","Customer History"
"Customer Order History","Customer Order History"
"Customer Order History on the Order Page","Customer Order History on the Order Page"
"Email","Email"
"Enable Colored Statuses","Enable Colored Statuses"
"Enable Customer History","Enable Customer History"
"Enable Phone Search","Enable Phone Search"
"Grand Total","Grand Total"
"Gray","Gray"
"Green","Green"
"Ignored Emails and Phones","Ignored Emails and Phones"
"Matched by","Matched by"
"Module","Module"
"New customer","New customer"
"Not counted","Not counted"
"Number of previous successful orders that makes a customer a regular one.","Number of previous successful orders that makes a customer a regular one."
"One per line: an email, a phone or a whole email domain such as @example.com. Shared or placeholder details (e.g. emails generated for phone orders, or the shop's own number) would link unrelated customers; such values are not used for matching.","One per line: an email, a phone or a whole email domain such as @example.com. Shared or placeholder details (e.g. emails generated for phone orders, or the shop's own number) would link unrelated customers; such values are not used for matching."
"Orange","Orange"
"Order #","Order #"
"Order Status","Order Status"
"Orders in these statuses are listed but neither successful nor problematic, e.g. ""Pending"" for orders waiting for another delivery day or for a product to arrive. Every other status counts as problematic.","Orders in these statuses are listed but neither successful nor problematic, e.g. ""Pending"" for orders waiting for another delivery day or for a product to arrive. Every other status counts as problematic."
"Orders placed from the same customer account.","Orders placed from the same customer account."
"Orders placed with the same email address, guest orders included.","Orders placed with the same email address, guest orders included."
"Orders to List","Orders to List"
"Orders with the same billing or shipping phone. The number is compared by its digits, so 0888 123 456 and +359888123456 match.","Orders with the same billing or shipping phone. The number is compared by its digits, so 0888 123 456 and +359888123456 match."
"Other orders: %1","Other orders: %1"
"Other orders: %1, none of them problematic, but too few successful ones for a regular customer.","Other orders: %1, none of them problematic, but too few successful ones for a regular customer."
"Over %1 orders match by ""%2"": probably shared data. Add it to the ignored emails and phones.","Over %1 orders match by ""%2"": probably shared data. Add it to the ignored emails and phones."
"Phone","Phone"
"Phone Search in the Order Grid","Phone Search in the Order Grid"
"Previous orders in these statuses make the customer a regular one.","Previous orders in these statuses make the customer a regular one."
"Previous orders: %1 successful and %2 problematic. Check them before offering a discount.","Previous orders: %1 successful and %2 problematic. Check them before offering a discount."
"Previous orders: %1. None of them was completed successfully.","Previous orders: %1. None of them was completed successfully."
"Problematic","Problematic"
"Problematic: %1","Problematic: %1"
"Purchase Date","Purchase Date"
"Purple","Purple"
"Recognize the Customer by Account","Recognize the Customer by Account"
"Recognize the Customer by Email","Recognize the Customer by Email"
"Recognize the Customer by Phone","Recognize the Customer by Phone"
"Red","Red"
"Regular customer","Regular customer"
"Regular Customer from","Regular Customer from"
"Removed from international numbers so that +359 888 123 456 and 0888 123 456 are recognized as the same number. Also used for the customer history.","Removed from international numbers so that +359 888 123 456 and 0888 123 456 are recognized as the same number. Also used for the customer history."
"Replaced by Admin Tools but still enabled: %1. Disable them: bin/magento module:disable %2","Replaced by Admin Tools but still enabled: %1. Disable them: bin/magento module:disable %2"
"Returning customer","Returning customer"
"Returning customer with problem orders","Returning customer with problem orders"
"Returning customer, but unreliable","Returning customer, but unreliable"
"Sales > Orders. Phone numbers are matched regardless of spaces, dashes, brackets and the country code: 0888 123 456, +359888123456 and 00359 888-123-456 are the same number.","Sales > Orders. Phone numbers are matched regardless of spaces, dashes, brackets and the country code: 0888 123 456, +359888123456 and 00359 888-123-456 are the same number."
"Search Phones from the Keyword Search Box","Search Phones from the Keyword Search Box"
"Settings","Settings"
"Showing the latest %1 of %2 orders.","Showing the latest %1 of %2 orders."
"Status","Status"
"Statuses Not Counted","Statuses Not Counted"
"Statuses without a color are shown as usual. Custom statuses can be added too.","Statuses without a color are shown as usual. Custom statuses can be added too."
"Store View","Store View"
"Successful","Successful"
"Successful Order Statuses","Successful Order Statuses"
"Successful previous orders: %1. You can thank the customer with a discount.","Successful previous orders: %1. You can thank the customer with a discount."
"The most recent orders are listed (1 to 100). All of them are counted in the assessment.","The most recent orders are listed (1 to 100). All of them are counted in the assessment."
"This is the first order of the customer.","This is the first order of the customer."
"Total of the successful orders: %1","Total of the successful orders: %1"
"When an order is opened, shows whether the customer has ordered before, with a list of the other orders and links to them. A regular customer can be offered a discount; a returning customer whose orders were not completed is flagged as unreliable. Read only: nothing is written to the database.","When an order is opened, shows whether the customer has ordered before, with a list of the other orders and links to them. A regular customer can be offered a discount; a returning customer whose orders were not completed is flagged as unreliable. Read only: nothing is written to the database."
"When the text typed in the grid's main search box is a phone number (it starts with 0, 00 or +, or is written with spaces or dashes), the grid shows the orders with that phone. Order numbers, names and emails are searched as usual.","When the text typed in the grid's main search box is a phone number (it starts with 0, 00 or +, or is written with spaces or dashes), the grid shows the orders with that phone. Order numbers, names and emails are searched as usual."
"White","White"
"Yellow","Yellow"
